"id","first_name","last_name","email","gender","ip_address"
"1","Trix","Stachini","tstachini0@google.de","Genderqueer","158.124.179.193"
"2","Lolly","Klewi","lklewi1@paypal.com","Female","104.19.3.236"
"3","Nelson","Robichon","nrobichon2@scientificamerican.com","Female","78.5.185.85"
"4","Sigismondo","Loxton","sloxton3@elpais.com","Bigender","150.110.249.202"
"5","Boyd","Shenfisch","bshenfisch4@dailymail.co.uk","Genderfluid","242.158.186.135"
"6","Heinrick","Frisby","hfrisby5@tinypic.com","Male","68.113.15.216"
"7","Mozelle","Pallasch","mpallasch6@live.com","Agender","15.96.140.235"
"8","Lyn","Leppingwell","lleppingwell7@edublogs.org","Genderqueer","70.80.253.248"
"9","Britteny","Buttrick","bbuttrick8@wsj.com","Male","124.0.213.162"
"10","Rodger","Whyberd","rwhyberd9@w3.org","Genderqueer","157.31.134.28"
"11","Blondie","Gottelier","bgotteliera@theglobeandmail.com","Female","62.206.138.22"
"12","Jazmin","Witherbed","jwitherbedb@seesaa.net","Male","100.1.56.12"
"13","Lucinda","Dougliss","ldouglissc@topsy.com","Polygender","228.200.3.180"
"14","Cherey","Simms","csimmsd@cisco.com","Agender","152.113.92.42"
"15","Chana","Collough","ccolloughe@cnbc.com","Genderqueer","52.80.24.124"
"16","Patrick","Clemencon","pclemenconf@sakura.ne.jp","Bigender","97.212.184.104"
"17","Greta","Trood","gtroodg@google.nl","Bigender","100.228.194.70"
"18","Sigmund","Peschet","spescheth@dot.gov","Genderqueer","193.128.117.210"
"19","Cletis","Morillas","cmorillasi@dailymail.co.uk","Non-binary","68.218.19.68"
"20","Maribelle","Knewstub","mknewstubj@mapy.cz","Polygender","121.68.37.61"
"21","Meriel","Barrow","mbarrowk@bbb.org","Genderqueer","8.22.17.164"
"22","Nap","Bowld","nbowldl@tmall.com","Polygender","4.35.35.191"
"23","Betty","Beasant","bbeasantm@wisc.edu","Polygender","3.202.248.79"
"24","Elbert","Mcwhinnie","emcwhinnien@example.com","Bigender","8.87.63.128"
"25","Evaleen","McWhorter","emcwhortero@discovery.com","Male","76.175.188.222"
"26","Lyndel","Campes","lcampesp@cnbc.com","Non-binary","6.226.5.49"
"27","Reynold","Draijer","rdraijerq@about.me","Polygender","175.44.238.185"
"28","Aland","Guidone","aguidoner@google.fr","Bigender","172.169.236.142"
"29","Winnie","Royse","wroyses@wisc.edu","Genderqueer","152.113.95.223"
"30","Joly","Stopps","jstoppst@discuz.net","Non-binary","212.226.74.210"
"31","Udale","Tarborn","utarbornu@phoca.cz","Non-binary","68.92.239.118"
"32","Donovan","M'Quharg","dmquhargv@stanford.edu","Bigender","110.137.32.235"
"33","Zola","Farries","zfarriesw@aboutads.info","Non-binary","147.190.50.201"
"34","Rosalie","Chamberlayne","rchamberlaynex@rakuten.co.jp","Genderfluid","63.107.177.79"
"35","Anett","Tolemache","atolemachey@dagondesign.com","Non-binary","243.75.164.151"
"36","Dorice","Body","dbodyz@wordpress.com","Female","164.72.186.8"
"37","Aleta","Janout","ajanout10@narod.ru","Male","122.113.137.199"
"38","Nathalia","Ogelbe","nogelbe11@facebook.com","Polygender","254.13.55.228"
"39","Sergei","Montier","smontier12@alibaba.com","Genderfluid","61.203.219.206"
"40","Veronike","Barrar","vbarrar13@slate.com","Non-binary","125.51.37.128"
"41","Melodee","Brotherick","mbrotherick14@jimdo.com","Polygender","174.82.1.112"
"42","Ashly","Crosier","acrosier15@cnn.com","Agender","128.48.123.17"
"43","Ferdinand","Haste","fhaste16@java.com","Male","167.198.69.76"
"44","Charley","Williamson","cwilliamson17@answers.com","Bigender","154.67.54.104"
"45","Noll","Callingham","ncallingham18@etsy.com","Female","180.243.6.225"
"46","Lianne","Ickovitz","lickovitz19@weibo.com","Female","109.220.179.233"
"47","Karlene","Boultwood","kboultwood1a@techcrunch.com","Genderqueer","148.36.222.242"
"48","Shea","Gyngell","sgyngell1b@themeforest.net","Non-binary","74.161.241.175"
"49","Gustavo","Vorley","gvorley1c@google.co.jp","Genderfluid","248.141.78.196"
"50","Otha","Pally","opally1d@google.nl","Genderqueer","212.225.64.58"
"51","Daria","Pepperd","dpepperd1e@blogs.com","Agender","202.193.29.38"
"52","Erie","Heaven","eheaven1f@japanpost.jp","Genderfluid","57.207.29.190"
"53","Xavier","Treble","xtreble1g@tinyurl.com","Genderqueer","135.154.163.36"
"54","Adella","Kennard","akennard1h@china.com.cn","Male","224.242.244.127"
"55","Eduard","Topliss","etopliss1i@engadget.com","Non-binary","149.30.165.153"
"56","Lona","Goldthorp","lgoldthorp1j@wikia.com","Genderqueer","174.233.100.149"
"57","Ralina","Stirland","rstirland1k@pagesperso-orange.fr","Polygender","209.8.77.15"
"58","Hamid","Hurndall","hhurndall1l@vkontakte.ru","Genderqueer","134.171.38.249"
"59","Ediva","Readmire","ereadmire1m@imgur.com","Female","121.2.144.216"
"60","Jeri","Gaunson","jgaunson1n@weebly.com","Non-binary","4.85.20.229"
"61","Amara","Whooley","awhooley1o@mit.edu","Non-binary","161.223.4.240"
"62","Olly","Puleque","opuleque1p@thetimes.co.uk","Agender","122.166.109.90"
"63","Hendrik","Malenoir","hmalenoir1q@hexun.com","Male","132.247.27.77"
"64","Nikolaos","Hutchison","nhutchison1r@multiply.com","Polygender","232.172.157.171"
"65","Lilla","Wandrey","lwandrey1s@weibo.com","Genderfluid","13.222.54.133"
"66","Rhianna","Matanin","rmatanin1t@biglobe.ne.jp","Genderfluid","180.38.180.30"
"67","Phylis","Slide","pslide1u@slashdot.org","Non-binary","239.232.165.148"
"68","Guss","Dukelow","gdukelow1v@mayoclinic.com","Non-binary","230.152.56.38"
"69","Domeniga","Demogeot","ddemogeot1w@china.com.cn","Polygender","236.196.60.145"
"70","Ferdinand","Catley","fcatley1x@unesco.org","Non-binary","38.102.126.24"
"71","Conrad","Roylance","croylance1y@go.com","Female","255.133.4.206"
"72","Neddy","Winkett","nwinkett1z@jiathis.com","Genderfluid","143.232.218.144"
"73","Jonas","Setford","jsetford20@bloomberg.com","Genderqueer","56.136.34.74"
"74","Dud","Merrisson","dmerrisson21@ted.com","Female","136.186.18.255"
"75","Carola","Gilder","cgilder22@sciencedaily.com","Agender","2.171.58.105"
"76","Jewel","Gilbee","jgilbee23@google.pl","Female","146.121.56.185"
"77","Nedi","Drake","ndrake24@scribd.com","Male","126.225.4.22"
"78","Moises","Bunclark","mbunclark25@tripadvisor.com","Female","9.229.115.45"
"79","Gilly","Culvey","gculvey26@bandcamp.com","Agender","55.48.7.155"
"80","Joana","Gascone","jgascone27@nhs.uk","Non-binary","55.86.255.230"
"81","Camila","Marsden","cmarsden28@vk.com","Polygender","60.19.99.125"
"82","Finlay","Morsley","fmorsley29@jimdo.com","Genderqueer","238.49.58.167"
"83","Chev","Kindred","ckindred2a@is.gd","Genderqueer","236.63.163.8"
"84","Celie","Hallward","challward2b@ameblo.jp","Agender","5.3.24.238"
"85","Langsdon","Stuckford","lstuckford2c@1und1.de","Male","207.252.160.110"
"86","Mariel","Cleve","mcleve2d@odnoklassniki.ru","Female","131.186.128.69"
"87","Zelig","McGuckin","zmcguckin2e@nbcnews.com","Genderqueer","13.247.219.123"
"88","Hedwiga","Lafferty","hlafferty2f@paginegialle.it","Genderfluid","156.119.151.93"
"89","Reynold","Meco","rmeco2g@paypal.com","Male","240.110.112.156"
"90","Ephrem","Sheffield","esheffield2h@delicious.com","Non-binary","199.55.123.186"
"91","Anestassia","Bourget","abourget2i@bravesites.com","Male","138.146.139.90"
"92","Amalia","Noell","anoell2j@t-online.de","Genderqueer","52.144.91.96"
"93","Andonis","Dines","adines2k@shop-pro.jp","Polygender","4.176.188.75"
"94","Sal","Joder","sjoder2l@ca.gov","Bigender","214.16.118.11"
"95","Eveleen","Molines","emolines2m@vkontakte.ru","Male","10.129.26.159"
"96","Forbes","Jearum","fjearum2n@un.org","Male","250.202.238.207"
"97","Baily","Cogley","bcogley2o@home.pl","Female","21.99.126.222"
"98","Jacquie","Heintsch","jheintsch2p@google.com.br","Male","102.48.187.105"
"99","Ettore","Benneton","ebenneton2q@booking.com","Bigender","45.101.104.4"
"100","Goldarina","Lawrie","glawrie2r@bravesites.com","Bigender","103.223.164.234"
"101","Luciana","Caps","lcaps2s@usatoday.com","Genderfluid","169.93.171.235"
"102","Codi","Mitchinson","cmitchinson2t@lycos.com","Polygender","241.9.148.103"
"103","Seth","Brodbin","sbrodbin2u@hexun.com","Bigender","216.149.132.204"
"104","Mead","Oswald","moswald2v@de.vu","Genderqueer","55.109.190.249"
"105","Nathalie","Sibbert","nsibbert2w@wikispaces.com","Polygender","152.232.120.132"
"106","Junina","Foottit","jfoottit2x@adobe.com","Non-binary","121.51.92.129"
"107","Jamison","Thams","jthams2y@webeden.co.uk","Genderqueer","179.49.30.134"
"108","Roch","Scimone","rscimone2z@clickbank.net","Bigender","6.129.41.99"
"109","Robbyn","Collyns","rcollyns30@washingtonpost.com","Bigender","75.76.2.73"
"110","Tera","Gytesham","tgytesham31@jalbum.net","Genderfluid","34.55.150.90"
"111","Sarina","Tarbard","starbard32@utexas.edu","Bigender","236.156.34.239"
"112","Garret","Adolfsen","gadolfsen33@blogs.com","Female","184.37.174.158"
"113","Shannen","Proudlock","sproudlock34@statcounter.com","Genderqueer","98.84.42.136"
"114","Dione","Loalday","dloalday35@boston.com","Non-binary","174.34.178.117"
"115","Felicio","Francescozzi","ffrancescozzi36@moonfruit.com","Genderqueer","86.137.144.199"
"116","Faun","Dobey","fdobey37@edublogs.org","Agender","23.181.211.183"
"117","Cassy","Pont","cpont38@flavors.me","Polygender","41.25.43.219"
"118","Cherilyn","Olifard","colifard39@liveinternet.ru","Bigender","31.33.89.152"
"119","Guillaume","Burree","gburree3a@ocn.ne.jp","Genderqueer","93.96.131.253"
"120","Malchy","Harris","mharris3b@abc.net.au","Non-binary","147.123.9.33"
"121","Valaree","Swaine","vswaine3c@sun.com","Female","97.7.64.21"
"122","Freeland","Jervois","fjervois3d@bloglovin.com","Agender","235.131.203.198"
"123","Chloette","Reneke","creneke3e@mapy.cz","Polygender","120.224.176.43"
"124","Leonid","Hartegan","lhartegan3f@amazon.de","Genderqueer","111.158.253.56"
"125","Barbabra","Alelsandrowicz","balelsandrowicz3g@w3.org","Agender","204.79.223.16"
"126","Napoleon","Gibberd","ngibberd3h@artisteer.com","Agender","155.107.117.111"
"127","Johnna","Pontefract","jpontefract3i@smugmug.com","Agender","23.13.202.103"
"128","Carilyn","Starsmeare","cstarsmeare3j@irs.gov","Female","117.246.119.104"
"129","Daryl","Hanaford","dhanaford3k@wisc.edu","Bigender","238.171.114.37"
"130","Eugenia","Seine","eseine3l@wikia.com","Non-binary","79.48.195.112"
"131","Alla","McKeowon","amckeowon3m@slideshare.net","Genderqueer","129.135.184.121"
"132","Gussi","Ellerker","gellerker3n@networkadvertising.org","Female","84.204.56.160"
"133","Cassaundra","Littledyke","clittledyke3o@facebook.com","Non-binary","40.229.191.110"
"134","Melissa","Cheek","mcheek3p@blog.com","Female","187.20.5.47"
"135","Gordy","Dunlea","gdunlea3q@census.gov","Male","154.252.55.160"
"136","Bertram","Freeland","bfreeland3r@w3.org","Agender","148.145.87.100"
"137","Marina","Dillingston","mdillingston3s@senate.gov","Bigender","207.61.231.67"
"138","Puff","Pesticcio","ppesticcio3t@bigcartel.com","Genderfluid","44.83.44.188"
"139","Giffard","Realff","grealff3u@salon.com","Female","230.255.148.210"
"140","Esra","Woodcroft","ewoodcroft3v@smh.com.au","Polygender","15.130.82.96"
"141","Jeanelle","Biner","jbiner3w@artisteer.com","Agender","180.224.195.81"
"142","Thedrick","Ferreras","tferreras3x@imgur.com","Agender","157.254.142.20"
"143","Mirelle","Tortis","mtortis3y@drupal.org","Polygender","223.107.61.120"
"144","Felita","Linsley","flinsley3z@merriam-webster.com","Non-binary","192.160.186.152"
"145","Clary","Bunkle","cbunkle40@pinterest.com","Bigender","123.235.66.165"
"146","Charmine","Adamovitch","cadamovitch41@weather.com","Genderfluid","26.132.85.210"
"147","Aeriell","Bertome","abertome42@ft.com","Agender","100.63.33.196"
"148","Sephira","Kears","skears43@sina.com.cn","Genderfluid","61.83.255.217"
"149","Colene","Mickan","cmickan44@cocolog-nifty.com","Genderqueer","172.28.33.61"
"150","Nancie","McDool","nmcdool45@ox.ac.uk","Agender","230.101.202.117"
"151","Ariel","Dabernott","adabernott46@acquirethisname.com","Non-binary","18.109.50.94"
"152","Elizabet","Lehrmann","elehrmann47@patch.com","Genderqueer","118.145.225.239"
"153","Godiva","Maunder","gmaunder48@vinaora.com","Male","202.131.46.248"
"154","Arleyne","Sandyfirth","asandyfirth49@apache.org","Genderfluid","0.85.127.104"
"155","Englebert","Beels","ebeels4a@list-manage.com","Polygender","34.253.2.72"
"156","Briggs","Miguel","bmiguel4b@seesaa.net","Bigender","27.101.145.244"
"157","Rory","Morgan","rmorgan4c@miibeian.gov.cn","Agender","95.181.73.245"
"158","Meris","Jeandeau","mjeandeau4d@state.tx.us","Male","29.103.222.156"
"159","Dianna","Bartolomeu","dbartolomeu4e@stanford.edu","Female","13.178.178.163"
"160","Norry","Ilsley","nilsley4f@usnews.com","Agender","167.185.184.110"
"161","Gearard","Lamperti","glamperti4g@youtube.com","Male","251.171.10.231"
"162","Darlleen","Goacher","dgoacher4h@spiegel.de","Genderqueer","69.114.232.89"
"163","Roseanna","Blow","rblow4i@mapy.cz","Bigender","53.36.62.176"
"164","Billy","Huxley","bhuxley4j@lulu.com","Male","18.75.95.27"
"165","Lucian","Larchiere","llarchiere4k@hc360.com","Non-binary","141.108.76.41"
"166","Sondra","Longden","slongden4l@amazonaws.com","Non-binary","57.127.154.244"
"167","Car","Gabbidon","cgabbidon4m@buzzfeed.com","Polygender","214.171.105.221"
"168","Porty","Champness","pchampness4n@wordpress.com","Female","249.106.95.86"
"169","Gabrila","Durrans","gdurrans4o@qq.com","Female","216.103.40.142"
"170","Jeromy","Harler","jharler4p@bigcartel.com","Bigender","212.22.183.207"
"171","Filmore","Mandifield","fmandifield4q@live.com","Male","112.128.88.180"
"172","Prinz","Fraanchyonok","pfraanchyonok4r@wikimedia.org","Non-binary","114.150.43.233"
"173","Anne-marie","Legier","alegier4s@princeton.edu","Non-binary","34.83.4.111"
"174","Shelly","McAlinion","smcalinion4t@dyndns.org","Male","14.211.37.117"
"175","Bear","Biagini","bbiagini4u@g.co","Non-binary","160.73.17.184"
"176","Marne","Stephens","mstephens4v@studiopress.com","Male","12.140.98.1"
"177","Trixie","Nutkins","tnutkins4w@google.pl","Female","179.25.89.175"
"178","Jerome","Dudny","jdudny4x@slashdot.org","Polygender","191.156.53.12"
"179","Bertina","Reolfi","breolfi4y@pbs.org","Agender","194.32.179.63"
"180","Cacilie","Dansey","cdansey4z@omniture.com","Non-binary","235.129.47.170"
"181","Annalise","Trusler","atrusler50@mashable.com","Female","2.220.239.49"
"182","Maureene","Dudny","mdudny51@csmonitor.com","Non-binary","255.28.158.193"
"183","Nalani","Potten","npotten52@sciencedaily.com","Non-binary","34.214.165.119"
"184","Kent","Speare","kspeare53@netlog.com","Bigender","112.76.181.135"
"185","Shoshana","Tollady","stollady54@mac.com","Bigender","111.67.39.52"
"186","Ursa","Sawtell","usawtell55@umich.edu","Agender","168.32.174.222"
"187","Chelsey","Defew","cdefew56@telegraph.co.uk","Agender","48.223.97.242"
"188","Doyle","Bootell","dbootell57@marketwatch.com","Polygender","144.137.58.13"
"189","Emyle","Ivanyushkin","eivanyushkin58@macromedia.com","Female","65.2.138.134"
"190","Adorne","Jindracek","ajindracek59@google.it","Non-binary","185.14.22.237"
"191","Jimmie","Thynn","jthynn5a@list-manage.com","Genderqueer","230.20.74.218"
"192","Ximenes","Bengochea","xbengochea5b@npr.org","Genderqueer","109.193.11.143"
"193","Evanne","Joriot","ejoriot5c@prnewswire.com","Bigender","193.80.26.136"
"194","Wrennie","Bainbrigge","wbainbrigge5d@privacy.gov.au","Genderqueer","115.6.215.194"
"195","Eveleen","Barrell","ebarrell5e@wikispaces.com","Female","150.252.94.86"
"196","Jasmin","Blackie","jblackie5f@booking.com","Genderqueer","199.2.156.183"
"197","Freemon","Grindell","fgrindell5g@miibeian.gov.cn","Polygender","102.12.74.86"
"198","Hymie","Konmann","hkonmann5h@smugmug.com","Non-binary","152.187.248.130"
"199","Dougy","Bertomeu","dbertomeu5i@1688.com","Female","218.247.237.22"
"200","Milicent","Redholes","mredholes5j@discovery.com","Male","131.123.76.104"
"201","Rafa","Epton","repton5k@amazon.com","Genderfluid","33.50.0.201"
"202","Elvis","McCreadie","emccreadie5l@simplemachines.org","Genderfluid","148.240.150.193"
"203","Maris","Clawley","mclawley5m@woothemes.com","Female","14.139.91.143"
"204","Lauren","Cutforth","lcutforth5n@sun.com","Agender","181.147.42.158"
"205","Marleen","Pickthall","mpickthall5o@spotify.com","Male","36.100.59.233"
"206","Filberte","Paxman","fpaxman5p@angelfire.com","Polygender","176.235.21.99"
"207","Theodora","Segrott","tsegrott5q@addtoany.com","Bigender","74.65.47.17"
"208","Marlene","Braney","mbraney5r@ustream.tv","Agender","8.253.97.3"
"209","Kermy","Lempenny","klempenny5s@sciencedirect.com","Agender","179.75.47.226"
"210","Otto","Diack","odiack5t@spiegel.de","Genderfluid","206.10.105.238"
"211","Karlis","Darcy","kdarcy5u@netscape.com","Genderqueer","61.133.196.58"
"212","Joanne","Loughton","jloughton5v@jiathis.com","Female","249.87.141.98"
"213","Smith","Dillon","sdillon5w@microsoft.com","Female","174.250.210.128"
"214","Stacee","Royson","sroyson5x@boston.com","Non-binary","232.124.29.54"
"215","Donal","Nell","dnell5y@google.cn","Bigender","148.113.153.38"
"216","Gretel","MacCahey","gmaccahey5z@walmart.com","Genderqueer","45.120.29.13"
"217","Friedrick","Bernardot","fbernardot60@jigsy.com","Female","49.169.30.12"
"218","Lynett","Riggs","lriggs61@state.gov","Genderfluid","168.222.11.173"
"219","Waly","Riseley","wriseley62@rakuten.co.jp","Non-binary","151.217.8.154"
"220","Latashia","Pinney","lpinney63@hostgator.com","Genderfluid","153.110.190.96"
"221","Oliviero","Parzis","oparzis64@ocn.ne.jp","Polygender","105.47.209.148"
"222","Joyce","Summerton","jsummerton65@about.me","Polygender","246.54.13.183"
"223","Blondell","Tomsen","btomsen66@webnode.com","Genderfluid","113.249.186.253"
"224","Filip","Sherewood","fsherewood67@ibm.com","Non-binary","151.202.9.31"
"225","Cullan","Gothliff","cgothliff68@cbc.ca","Agender","220.144.40.93"
"226","Kelly","Penswick","kpenswick69@nsw.gov.au","Non-binary","167.144.122.184"
"227","Hobey","Swinden","hswinden6a@ted.com","Genderqueer","238.158.176.148"
"228","Trisha","Bartot","tbartot6b@sogou.com","Genderqueer","193.46.104.95"
"229","Gilberta","Van de Castele","gvandecastele6c@mac.com","Genderqueer","207.136.191.166"
"230","Maurie","Falcus","mfalcus6d@tripadvisor.com","Non-binary","130.1.214.82"
"231","Missie","Mathiot","mmathiot6e@geocities.jp","Female","178.206.89.157"
"232","Alicia","Raffan","araffan6f@jimdo.com","Female","46.149.211.58"
"233","Chaddie","Howell","chowell6g@plala.or.jp","Non-binary","180.11.146.0"
"234","Roselia","Quince","rquince6h@goo.ne.jp","Polygender","206.104.198.121"
"235","Beltran","Philipsen","bphilipsen6i@arstechnica.com","Non-binary","75.201.22.234"
"236","Standford","Alexandrou","salexandrou6j@jigsy.com","Bigender","93.133.101.73"
"237","Gerri","Piolli","gpiolli6k@plala.or.jp","Female","239.142.201.92"
"238","Aleta","Kirkam","akirkam6l@msn.com","Bigender","8.38.98.105"
"239","Donna","Salzburger","dsalzburger6m@merriam-webster.com","Bigender","123.9.242.46"
"240","Didi","Smithies","dsmithies6n@economist.com","Polygender","202.214.39.95"
"241","Cale","Colcutt","ccolcutt6o@ustream.tv","Male","44.46.158.26"
"242","Dee dee","Edelston","dedelston6p@woothemes.com","Polygender","169.60.168.37"
"243","Sonya","Redish","sredish6q@surveymonkey.com","Non-binary","93.64.81.33"
"244","Victoir","Varfolomeev","vvarfolomeev6r@com.com","Bigender","115.226.208.172"
"245","Mathilda","Lillecrap","mlillecrap6s@ucla.edu","Polygender","224.159.124.102"
"246","Percy","Kitley","pkitley6t@state.tx.us","Bigender","192.250.31.224"
"247","Salomo","Cardenas","scardenas6u@woothemes.com","Polygender","120.177.149.253"
"248","Conny","Mathiasen","cmathiasen6v@arstechnica.com","Female","133.215.105.32"
"249","Bobby","Flint","bflint6w@weather.com","Polygender","206.239.67.198"
"250","Rebeka","Boocock","rboocock6x@narod.ru","Male","187.41.195.76"
"251","Coralyn","Vaissiere","cvaissiere6y@nature.com","Bigender","201.44.119.54"
"252","Leeland","Stagge","lstagge6z@cloudflare.com","Genderfluid","203.246.8.61"
"253","Ray","Poller","rpoller70@moonfruit.com","Male","217.58.133.60"
"254","Victor","Tomasek","vtomasek71@narod.ru","Polygender","47.123.183.165"
"255","Berkley","Hagstone","bhagstone72@msn.com","Genderqueer","89.196.127.124"
"256","Evan","Miliffe","emiliffe73@china.com.cn","Female","211.110.198.60"
"257","Malynda","Di Pietro","mdipietro74@reverbnation.com","Genderfluid","18.24.6.89"
"258","Olly","Stanworth","ostanworth75@cpanel.net","Polygender","139.178.72.78"
"259","Emelita","Rassmann","erassmann76@seattletimes.com","Female","185.207.49.101"
"260","Chad","Benbow","cbenbow77@google.pl","Male","195.8.176.83"
"261","Jourdain","Janz","jjanz78@canalblog.com","Genderqueer","205.147.139.198"
"262","Marlane","Rubinsky","mrubinsky79@constantcontact.com","Bigender","197.195.83.128"
"263","Juline","Derrington","jderrington7a@about.me","Female","41.67.55.3"
"264","Felita","Gierok","fgierok7b@cam.ac.uk","Male","53.114.9.170"
"265","Florette","Eaden","feaden7c@naver.com","Non-binary","129.85.162.159"
"266","Alexander","Fludder","afludder7d@mit.edu","Agender","187.26.15.27"
"267","Jefferey","Celiz","jceliz7e@rambler.ru","Genderfluid","205.115.138.254"
"268","Elwin","Kincaid","ekincaid7f@last.fm","Non-binary","223.184.71.146"
"269","Lida","Ledbetter","lledbetter7g@live.com","Non-binary","120.127.141.135"
"270","Branden","Gleadhell","bgleadhell7h@theguardian.com","Bigender","171.96.216.57"
"271","Madelyn","Prinnett","mprinnett7i@bloglines.com","Male","175.4.153.82"
"272","Daffie","Gilbanks","dgilbanks7j@mozilla.org","Genderfluid","68.23.114.42"
"273","Saxon","Hobgen","shobgen7k@networkadvertising.org","Bigender","132.36.159.175"
"274","Trista","Checo","tcheco7l@weebly.com","Bigender","67.255.201.52"
"275","Morgana","Paling","mpaling7m@163.com","Genderfluid","217.33.111.219"
"276","Jakie","Shillaker","jshillaker7n@blog.com","Female","41.171.196.134"
"277","Kit","Colter","kcolter7o@ehow.com","Non-binary","97.122.120.115"
"278","Siusan","O'Fogerty","sofogerty7p@netlog.com","Agender","170.29.148.137"
"279","Georgie","Cawse","gcawse7q@state.tx.us","Genderfluid","103.120.226.99"
"280","Darb","Cousin","dcousin7r@stanford.edu","Genderqueer","9.37.70.252"
"281","Brody","Arsnell","barsnell7s@vinaora.com","Bigender","56.181.103.181"
"282","Rana","Devigne","rdevigne7t@thetimes.co.uk","Female","97.254.6.148"
"283","Catha","Renwick","crenwick7u@so-net.ne.jp","Male","13.1.9.18"
"284","Jordain","Ashard","jashard7v@netlog.com","Agender","133.167.166.69"
"285","Cornelia","Duchant","cduchant7w@wordpress.com","Bigender","236.135.69.104"
"286","Zachary","Jimmison","zjimmison7x@reference.com","Female","39.246.176.131"
"287","Dix","Saffran","dsaffran7y@ucsd.edu","Bigender","190.227.186.98"
"288","Gerry","O'Kane","gokane7z@harvard.edu","Genderqueer","243.255.254.132"
"289","Dal","Riatt","driatt80@com.com","Genderqueer","48.234.66.249"